Site,NitrogenTreatment,IrrigationTreatment,Location,Rotation,Crop,Date,AboveGroundWt (t DM/ha),CropN
LincolnRot1_N1_Irr1,N1,Irr1,Lincoln,Rotation1,Wheat,2020-08-10,0.334,15.378
LincolnRot1_N1_Irr1,N1,Irr1,Lincoln,Rotation1,Wheat,2020-09-08,1.051,40.053
LincolnRot1_N1_Irr1,N1,Irr1,Lincoln,Rotation1,Wheat,2020-10-12,4.186,116.002
LincolnRot1_N1_Irr1,N1,Irr1,Lincoln,Rotation1,Wheat,2020-11-09,10.257,150.292
LincolnRot1_N1_Irr1,N1,Irr1,Lincoln,Rotation1,Wheat,2020-12-07,16.450,202.111
LincolnRot1_N1_Irr1,N1,Irr1,Lincoln,Rotation1,Wheat,2021-01-12,20.386,214.626
LincolnRot1_N1_Irr1,N1,Irr1,Lincoln,Rotation1,Wheat,2021-01-21,,232.006
LincolnRot1_N2_Irr1,N2,Irr1,Lincoln,Rotation1,Wheat,2020-08-10,0.358,16.558
LincolnRot1_N2_Irr1,N2,Irr1,Lincoln,Rotation1,Wheat,2020-09-08,1.172,41.860
LincolnRot1_N2_Irr1,N2,Irr1,Lincoln,Rotation1,Wheat,2020-10-12,4.221,122.192
LincolnRot1_N2_Irr1,N2,Irr1,Lincoln,Rotation1,Wheat,2020-11-09,10.531,160.058
LincolnRot1_N2_Irr1,N2,Irr1,Lincoln,Rotation1,Wheat,2020-12-07,16.559,212.210
LincolnRot1_N2_Irr1,N2,Irr1,Lincoln,Rotation1,Wheat,2021-01-12,20.050,196.640
LincolnRot1_N2_Irr1,N2,Irr1,Lincoln,Rotation1,Wheat,2021-01-21,,220.326
LincolnRot1_N3_Irr1,N3,Irr1,Lincoln,Rotation1,Wheat,2020-08-10,0.394,18.554
LincolnRot1_N3_Irr1,N3,Irr1,Lincoln,Rotation1,Wheat,2020-09-08,1.301,46.619
LincolnRot1_N3_Irr1,N3,Irr1,Lincoln,Rotation1,Wheat,2020-10-12,5.021,142.931
LincolnRot1_N3_Irr1,N3,Irr1,Lincoln,Rotation1,Wheat,2020-11-09,10.268,166.270
LincolnRot1_N3_Irr1,N3,Irr1,Lincoln,Rotation1,Wheat,2020-12-07,16.650,204.023
LincolnRot1_N3_Irr1,N3,Irr1,Lincoln,Rotation1,Wheat,2021-01-12,22.276,252.429
LincolnRot1_N3_Irr1,N3,Irr1,Lincoln,Rotation1,Wheat,2021-01-21,,239.047
LincolnRot1_N4_Irr1,N4,Irr1,Lincoln,Rotation1,Wheat,2020-08-10,0.400,19.837
LincolnRot1_N4_Irr1,N4,Irr1,Lincoln,Rotation1,Wheat,2020-09-08,1.489,58.129
LincolnRot1_N4_Irr1,N4,Irr1,Lincoln,Rotation1,Wheat,2020-10-12,5.326,173.300
LincolnRot1_N4_Irr1,N4,Irr1,Lincoln,Rotation1,Wheat,2020-11-09,10.019,206.509
LincolnRot1_N4_Irr1,N4,Irr1,Lincoln,Rotation1,Wheat,2020-12-07,16.910,267.608
LincolnRot1_N4_Irr1,N4,Irr1,Lincoln,Rotation1,Wheat,2021-01-12,20.782,282.136
LincolnRot1_N4_Irr1,N4,Irr1,Lincoln,Rotation1,Wheat,2021-01-21,,302.512
LincolnRot1_N1_Irr2,N1,Irr2,Lincoln,Rotation1,Wheat,2020-08-10,0.346,15.857
LincolnRot1_N1_Irr2,N1,Irr2,Lincoln,Rotation1,Wheat,2020-09-08,1.138,40.794
LincolnRot1_N1_Irr2,N1,Irr2,Lincoln,Rotation1,Wheat,2020-10-12,4.312,123.029
LincolnRot1_N1_Irr2,N1,Irr2,Lincoln,Rotation1,Wheat,2020-11-09,9.266,145.855
LincolnRot1_N1_Irr2,N1,Irr2,Lincoln,Rotation1,Wheat,2020-12-07,16.147,193.260
LincolnRot1_N1_Irr2,N1,Irr2,Lincoln,Rotation1,Wheat,2021-01-12,19.643,195.000
LincolnRot1_N1_Irr2,N1,Irr2,Lincoln,Rotation1,Wheat,2021-01-21,,223.386
LincolnRot1_N2_Irr2,N2,Irr2,Lincoln,Rotation1,Wheat,2020-08-10,0.397,18.919
LincolnRot1_N2_Irr2,N2,Irr2,Lincoln,Rotation1,Wheat,2020-09-08,1.279,50.812
LincolnRot1_N2_Irr2,N2,Irr2,Lincoln,Rotation1,Wheat,2020-10-12,5.049,144.638
LincolnRot1_N2_Irr2,N2,Irr2,Lincoln,Rotation1,Wheat,2020-11-09,10.003,154.579
LincolnRot1_N2_Irr2,N2,Irr2,Lincoln,Rotation1,Wheat,2020-12-07,16.268,205.017
LincolnRot1_N2_Irr2,N2,Irr2,Lincoln,Rotation1,Wheat,2021-01-12,20.597,171.862
LincolnRot1_N2_Irr2,N2,Irr2,Lincoln,Rotation1,Wheat,2021-01-21,,225.753
LincolnRot1_N3_Irr2,N3,Irr2,Lincoln,Rotation1,Wheat,2020-08-10,0.347,15.458
LincolnRot1_N3_Irr2,N3,Irr2,Lincoln,Rotation1,Wheat,2020-09-08,1.222,43.955
LincolnRot1_N3_Irr2,N3,Irr2,Lincoln,Rotation1,Wheat,2020-10-12,4.289,129.114
LincolnRot1_N3_Irr2,N3,Irr2,Lincoln,Rotation1,Wheat,2020-11-09,9.260,158.261
LincolnRot1_N3_Irr2,N3,Irr2,Lincoln,Rotation1,Wheat,2020-12-07,16.027,184.323
LincolnRot1_N3_Irr2,N3,Irr2,Lincoln,Rotation1,Wheat,2021-01-12,21.699,165.894
LincolnRot1_N3_Irr2,N3,Irr2,Lincoln,Rotation1,Wheat,2021-01-21,,265.161
LincolnRot1_N4_Irr2,N4,Irr2,Lincoln,Rotation1,Wheat,2020-08-10,0.385,18.150
LincolnRot1_N4_Irr2,N4,Irr2,Lincoln,Rotation1,Wheat,2020-09-08,1.258,49.416
LincolnRot1_N4_Irr2,N4,Irr2,Lincoln,Rotation1,Wheat,2020-10-12,4.803,150.483
LincolnRot1_N4_Irr2,N4,Irr2,Lincoln,Rotation1,Wheat,2020-11-09,10.608,188.789
LincolnRot1_N4_Irr2,N4,Irr2,Lincoln,Rotation1,Wheat,2020-12-07,16.950,226.719
LincolnRot1_N4_Irr2,N4,Irr2,Lincoln,Rotation1,Wheat,2021-01-12,21.016,204.694
LincolnRot1_N4_Irr2,N4,Irr2,Lincoln,Rotation1,Wheat,2021-01-21,,290.217
LincolnRot1_N1_Irr1,N1,Irr1,Lincoln,Rotation1,Onions,2021-11-22,0.087,3.421
LincolnRot1_N1_Irr1,N1,Irr1,Lincoln,Rotation1,Onions,2021-12-15,0.585,23.561
LincolnRot1_N1_Irr1,N1,Irr1,Lincoln,Rotation1,Onions,2022-01-18,8.370,102.204
LincolnRot1_N1_Irr1,N1,Irr1,Lincoln,Rotation1,Onions,2022-02-09,12.962,145.355
LincolnRot1_N1_Irr1,N1,Irr1,Lincoln,Rotation1,Onions,2022-03-01,11.389,
LincolnRot1_N2_Irr1,N2,Irr1,Lincoln,Rotation1,Onions,2021-11-22,0.082,3.170
LincolnRot1_N2_Irr1,N2,Irr1,Lincoln,Rotation1,Onions,2021-12-15,0.410,17.584
LincolnRot1_N2_Irr1,N2,Irr1,Lincoln,Rotation1,Onions,2022-01-18,7.419,112.620
LincolnRot1_N2_Irr1,N2,Irr1,Lincoln,Rotation1,Onions,2022-02-09,13.966,178.625
LincolnRot1_N2_Irr1,N2,Irr1,Lincoln,Rotation1,Onions,2022-03-01,12.086,
LincolnRot1_N3_Irr1,N3,Irr1,Lincoln,Rotation1,Onions,2021-11-22,0.066,2.625
LincolnRot1_N3_Irr1,N3,Irr1,Lincoln,Rotation1,Onions,2021-12-15,0.416,18.043
LincolnRot1_N3_Irr1,N3,Irr1,Lincoln,Rotation1,Onions,2022-01-18,7.161,113.930
LincolnRot1_N3_Irr1,N3,Irr1,Lincoln,Rotation1,Onions,2022-02-09,12.548,171.566
LincolnRot1_N3_Irr1,N3,Irr1,Lincoln,Rotation1,Onions,2022-03-01,12.556,
LincolnRot1_N4_Irr1,N4,Irr1,Lincoln,Rotation1,Onions,2021-11-22,0.035,1.459
LincolnRot1_N4_Irr1,N4,Irr1,Lincoln,Rotation1,Onions,2021-12-15,0.328,15.517
LincolnRot1_N4_Irr1,N4,Irr1,Lincoln,Rotation1,Onions,2022-01-18,6.419,116.466
LincolnRot1_N4_Irr1,N4,Irr1,Lincoln,Rotation1,Onions,2022-02-09,10.527,159.729
LincolnRot1_N4_Irr1,N4,Irr1,Lincoln,Rotation1,Onions,2022-03-01,10.010,
LincolnRot1_N1_Irr2,N1,Irr2,Lincoln,Rotation1,Onions,2021-11-22,0.077,2.984
LincolnRot1_N1_Irr2,N1,Irr2,Lincoln,Rotation1,Onions,2021-12-15,0.567,23.844
LincolnRot1_N1_Irr2,N1,Irr2,Lincoln,Rotation1,Onions,2022-01-18,8.333,96.607
LincolnRot1_N1_Irr2,N1,Irr2,Lincoln,Rotation1,Onions,2022-02-09,12.908,140.107
LincolnRot1_N1_Irr2,N1,Irr2,Lincoln,Rotation1,Onions,2022-03-01,10.611,
LincolnRot1_N2_Irr2,N2,Irr2,Lincoln,Rotation1,Onions,2021-11-22,0.083,3.291
LincolnRot1_N2_Irr2,N2,Irr2,Lincoln,Rotation1,Onions,2021-12-15,0.581,25.545
LincolnRot1_N2_Irr2,N2,Irr2,Lincoln,Rotation1,Onions,2022-01-18,7.951,119.531
LincolnRot1_N2_Irr2,N2,Irr2,Lincoln,Rotation1,Onions,2022-02-09,14.426,174.342
LincolnRot1_N2_Irr2,N2,Irr2,Lincoln,Rotation1,Onions,2022-03-01,13.741,
LincolnRot1_N3_Irr2,N3,Irr2,Lincoln,Rotation1,Onions,2021-11-22,0.071,2.907
LincolnRot1_N3_Irr2,N3,Irr2,Lincoln,Rotation1,Onions,2021-12-15,0.429,18.564
LincolnRot1_N3_Irr2,N3,Irr2,Lincoln,Rotation1,Onions,2022-01-18,7.399,119.062
LincolnRot1_N3_Irr2,N3,Irr2,Lincoln,Rotation1,Onions,2022-02-09,12.454,170.077
LincolnRot1_N3_Irr2,N3,Irr2,Lincoln,Rotation1,Onions,2022-03-01,11.698,
LincolnRot1_N4_Irr2,N4,Irr2,Lincoln,Rotation1,Onions,2021-11-22,0.063,2.548
LincolnRot1_N4_Irr2,N4,Irr2,Lincoln,Rotation1,Onions,2021-12-15,0.342,15.665
LincolnRot1_N4_Irr2,N4,Irr2,Lincoln,Rotation1,Onions,2022-01-18,7.077,120.654
LincolnRot1_N4_Irr2,N4,Irr2,Lincoln,Rotation1,Onions,2022-02-09,13.001,199.015
LincolnRot1_N4_Irr2,N4,Irr2,Lincoln,Rotation1,Onions,2022-03-01,11.680,
LincolnRot1_N1_Irr1,N1,Irr1,Lincoln,Rotation1,Broccoli,2021-04-06,0.146,7.375
LincolnRot1_N1_Irr1,N1,Irr1,Lincoln,Rotation1,Broccoli,2021-05-03,1.552,60.010
LincolnRot1_N1_Irr1,N1,Irr1,Lincoln,Rotation1,Broccoli,2021-06-10,3.765,96.434
LincolnRot1_N1_Irr1,N1,Irr1,Lincoln,Rotation1,Broccoli,2021-07-01,3.613,97.689
LincolnRot1_N2_Irr1,N2,Irr1,Lincoln,Rotation1,Broccoli,2021-04-06,0.128,6.346
LincolnRot1_N2_Irr1,N2,Irr1,Lincoln,Rotation1,Broccoli,2021-05-03,1.452,59.250
LincolnRot1_N2_Irr1,N2,Irr1,Lincoln,Rotation1,Broccoli,2021-06-10,4.022,127.327
LincolnRot1_N2_Irr1,N2,Irr1,Lincoln,Rotation1,Broccoli,2021-07-01,3.699,112.220
LincolnRot1_N3_Irr1,N3,Irr1,Lincoln,Rotation1,Broccoli,2021-04-06,0.157,8.019
LincolnRot1_N3_Irr1,N3,Irr1,Lincoln,Rotation1,Broccoli,2021-05-03,1.444,67.169
LincolnRot1_N3_Irr1,N3,Irr1,Lincoln,Rotation1,Broccoli,2021-06-10,4.176,145.964
LincolnRot1_N3_Irr1,N3,Irr1,Lincoln,Rotation1,Broccoli,2021-07-01,3.549,129.713
LincolnRot1_N4_Irr1,N4,Irr1,Lincoln,Rotation1,Broccoli,2021-04-06,0.144,7.407
LincolnRot1_N4_Irr1,N4,Irr1,Lincoln,Rotation1,Broccoli,2021-05-03,1.543,75.656
LincolnRot1_N4_Irr1,N4,Irr1,Lincoln,Rotation1,Broccoli,2021-06-10,4.436,197.434
LincolnRot1_N4_Irr1,N4,Irr1,Lincoln,Rotation1,Broccoli,2021-07-01,4.027,142.510
LincolnRot1_N1_Irr2,N1,Irr2,Lincoln,Rotation1,Broccoli,2021-04-06,0.122,6.187
LincolnRot1_N1_Irr2,N1,Irr2,Lincoln,Rotation1,Broccoli,2021-05-03,1.357,54.465
LincolnRot1_N1_Irr2,N1,Irr2,Lincoln,Rotation1,Broccoli,2021-06-10,3.468,94.376
LincolnRot1_N1_Irr2,N1,Irr2,Lincoln,Rotation1,Broccoli,2021-07-01,3.098,85.157
LincolnRot1_N2_Irr2,N2,Irr2,Lincoln,Rotation1,Broccoli,2021-04-06,0.161,7.998
LincolnRot1_N2_Irr2,N2,Irr2,Lincoln,Rotation1,Broccoli,2021-05-03,1.463,58.494
LincolnRot1_N2_Irr2,N2,Irr2,Lincoln,Rotation1,Broccoli,2021-06-10,4.131,124.893
LincolnRot1_N2_Irr2,N2,Irr2,Lincoln,Rotation1,Broccoli,2021-07-01,3.466,100.980
LincolnRot1_N3_Irr2,N3,Irr2,Lincoln,Rotation1,Broccoli,2021-04-06,0.114,5.622
LincolnRot1_N3_Irr2,N3,Irr2,Lincoln,Rotation1,Broccoli,2021-05-03,1.510,66.283
LincolnRot1_N3_Irr2,N3,Irr2,Lincoln,Rotation1,Broccoli,2021-06-10,3.737,134.700
LincolnRot1_N3_Irr2,N3,Irr2,Lincoln,Rotation1,Broccoli,2021-07-01,3.970,141.496
LincolnRot1_N4_Irr2,N4,Irr2,Lincoln,Rotation1,Broccoli,2021-04-06,0.141,6.919
LincolnRot1_N4_Irr2,N4,Irr2,Lincoln,Rotation1,Broccoli,2021-05-03,1.769,83.806
LincolnRot1_N4_Irr2,N4,Irr2,Lincoln,Rotation1,Broccoli,2021-06-10,4.281,183.981
LincolnRot1_N4_Irr2,N4,Irr2,Lincoln,Rotation1,Broccoli,2021-07-01,4.203,164.846
LincolnRot1_N1_Irr1,N1,Irr1,Lincoln,Rotation1,Ryegrass,2022-08-16,0.347,8.994
LincolnRot1_N1_Irr1,N1,Irr1,Lincoln,Rotation1,Ryegrass,2022-09-19,1.044,28.940
LincolnRot1_N1_Irr1,N1,Irr1,Lincoln,Rotation1,Ryegrass,2022-10-17,3.366,52.543
LincolnRot1_N1_Irr1,N1,Irr1,Lincoln,Rotation1,Ryegrass,2022-12-05,8.312,67.864
LincolnRot1_N2_Irr1,N2,Irr1,Lincoln,Rotation1,Ryegrass,2022-08-16,0.376,12.786
LincolnRot1_N2_Irr1,N2,Irr1,Lincoln,Rotation1,Ryegrass,2022-09-19,1.076,36.442
LincolnRot1_N2_Irr1,N2,Irr1,Lincoln,Rotation1,Ryegrass,2022-10-17,3.498,71.667
LincolnRot1_N2_Irr1,N2,Irr1,Lincoln,Rotation1,Ryegrass,2022-12-05,10.232,115.007
LincolnRot1_N3_Irr1,N3,Irr1,Lincoln,Rotation1,Ryegrass,2022-08-16,0.282,9.997
LincolnRot1_N3_Irr1,N3,Irr1,Lincoln,Rotation1,Ryegrass,2022-09-19,1.281,55.246
LincolnRot1_N3_Irr1,N3,Irr1,Lincoln,Rotation1,Ryegrass,2022-10-17,4.859,136.948
LincolnRot1_N3_Irr1,N3,Irr1,Lincoln,Rotation1,Ryegrass,2022-12-05,10.423,150.202
LincolnRot1_N4_Irr1,N4,Irr1,Lincoln,Rotation1,Ryegrass,2022-08-16,0.349,16.191
LincolnRot1_N4_Irr1,N4,Irr1,Lincoln,Rotation1,Ryegrass,2022-09-19,1.442,73.805
LincolnRot1_N4_Irr1,N4,Irr1,Lincoln,Rotation1,Ryegrass,2022-10-17,4.885,172.204
LincolnRot1_N4_Irr1,N4,Irr1,Lincoln,Rotation1,Ryegrass,2022-12-05,12.112,236.497
LincolnRot1_N1_Irr2,N1,Irr2,Lincoln,Rotation1,Ryegrass,2022-08-16,0.346,7.818
LincolnRot1_N1_Irr2,N1,Irr2,Lincoln,Rotation1,Ryegrass,2022-09-19,1.087,27.714
LincolnRot1_N1_Irr2,N1,Irr2,Lincoln,Rotation1,Ryegrass,2022-10-17,2.653,44.445
LincolnRot1_N1_Irr2,N1,Irr2,Lincoln,Rotation1,Ryegrass,2022-12-05,9.113,83.176
LincolnRot1_N2_Irr2,N2,Irr2,Lincoln,Rotation1,Ryegrass,2022-08-16,0.271,8.287
LincolnRot1_N2_Irr2,N2,Irr2,Lincoln,Rotation1,Ryegrass,2022-09-19,1.071,33.425
LincolnRot1_N2_Irr2,N2,Irr2,Lincoln,Rotation1,Ryegrass,2022-10-17,3.635,64.267
LincolnRot1_N2_Irr2,N2,Irr2,Lincoln,Rotation1,Ryegrass,2022-12-05,10.983,129.390
LincolnRot1_N3_Irr2,N3,Irr2,Lincoln,Rotation1,Ryegrass,2022-08-16,0.319,12.326
LincolnRot1_N3_Irr2,N3,Irr2,Lincoln,Rotation1,Ryegrass,2022-09-19,1.292,56.508
LincolnRot1_N3_Irr2,N3,Irr2,Lincoln,Rotation1,Ryegrass,2022-10-17,4.560,118.728
LincolnRot1_N3_Irr2,N3,Irr2,Lincoln,Rotation1,Ryegrass,2022-12-05,10.549,146.294
LincolnRot1_N4_Irr2,N4,Irr2,Lincoln,Rotation1,Ryegrass,2022-08-16,0.345,16.332
LincolnRot1_N4_Irr2,N4,Irr2,Lincoln,Rotation1,Ryegrass,2022-09-19,1.128,54.400
LincolnRot1_N4_Irr2,N4,Irr2,Lincoln,Rotation1,Ryegrass,2022-10-17,4.931,156.783
LincolnRot1_N4_Irr2,N4,Irr2,Lincoln,Rotation1,Ryegrass,2022-12-05,13.152,243.474
LincolnRot2_N1_Irr1,N1,Irr1,Lincoln,Rotation2,Pakchoi,2020-12-23,0.018,0.998
LincolnRot2_N1_Irr1,N1,Irr1,Lincoln,Rotation2,Pakchoi,2021-01-11,1.147,47.160
LincolnRot2_N1_Irr1,N1,Irr1,Lincoln,Rotation2,Pakchoi,2021-01-20,2.893,73.736
LincolnRot2_N2_Irr1,N2,Irr1,Lincoln,Rotation2,Pakchoi,2020-12-23,0.016,0.855
LincolnRot2_N2_Irr1,N2,Irr1,Lincoln,Rotation2,Pakchoi,2021-01-11,1.173,50.427
LincolnRot2_N2_Irr1,N2,Irr1,Lincoln,Rotation2,Pakchoi,2021-01-20,2.776,88.461
LincolnRot2_N3_Irr1,N3,Irr1,Lincoln,Rotation2,Pakchoi,2020-12-23,0.010,0.519
LincolnRot2_N3_Irr1,N3,Irr1,Lincoln,Rotation2,Pakchoi,2021-01-11,0.874,40.821
LincolnRot2_N3_Irr1,N3,Irr1,Lincoln,Rotation2,Pakchoi,2021-01-20,2.924,97.577
LincolnRot2_N4_Irr1,N4,Irr1,Lincoln,Rotation2,Pakchoi,2020-12-23,0.014,0.807
LincolnRot2_N4_Irr1,N4,Irr1,Lincoln,Rotation2,Pakchoi,2021-01-11,1.195,56.265
LincolnRot2_N4_Irr1,N4,Irr1,Lincoln,Rotation2,Pakchoi,2021-01-20,2.859,131.050
LincolnRot2_N1_Irr2,N1,Irr2,Lincoln,Rotation2,Pakchoi,2020-12-23,0.011,0.607
LincolnRot2_N1_Irr2,N1,Irr2,Lincoln,Rotation2,Pakchoi,2021-01-11,1.108,46.484
LincolnRot2_N1_Irr2,N1,Irr2,Lincoln,Rotation2,Pakchoi,2021-01-20,2.775,77.729
LincolnRot2_N2_Irr2,N2,Irr2,Lincoln,Rotation2,Pakchoi,2020-12-23,0.015,0.805
LincolnRot2_N2_Irr2,N2,Irr2,Lincoln,Rotation2,Pakchoi,2021-01-11,1.390,61.298
LincolnRot2_N2_Irr2,N2,Irr2,Lincoln,Rotation2,Pakchoi,2021-01-20,2.853,91.661
LincolnRot2_N3_Irr2,N3,Irr2,Lincoln,Rotation2,Pakchoi,2020-12-23,0.007,0.358
LincolnRot2_N3_Irr2,N3,Irr2,Lincoln,Rotation2,Pakchoi,2021-01-11,0.828,37.219
LincolnRot2_N3_Irr2,N3,Irr2,Lincoln,Rotation2,Pakchoi,2021-01-20,3.027,106.862
LincolnRot2_N4_Irr2,N4,Irr2,Lincoln,Rotation2,Pakchoi,2020-12-23,0.010,0.553
LincolnRot2_N4_Irr2,N4,Irr2,Lincoln,Rotation2,Pakchoi,2021-01-11,0.948,45.028
LincolnRot2_N4_Irr2,N4,Irr2,Lincoln,Rotation2,Pakchoi,2021-01-20,3.178,141.416
LincolnRot2_N1_Irr1,N1,Irr1,Lincoln,Rotation2,Oats_Forage,2021-04-06,0.589,33.979
LincolnRot2_N1_Irr1,N1,Irr1,Lincoln,Rotation2,Oats_Forage,2021-05-03,2.627,81.178
LincolnRot2_N1_Irr1,N1,Irr1,Lincoln,Rotation2,Oats_Forage,2021-06-09,5.144,85.484
LincolnRot2_N1_Irr1,N1,Irr1,Lincoln,Rotation2,Oats_Forage,2021-07-05,6.121,91.213
LincolnRot2_N1_Irr1,N1,Irr1,Lincoln,Rotation2,Oats_Forage,2021-07-26,7.549,83.605
LincolnRot2_N2_Irr1,N2,Irr1,Lincoln,Rotation2,Oats_Forage,2021-04-06,0.680,40.255
LincolnRot2_N2_Irr1,N2,Irr1,Lincoln,Rotation2,Oats_Forage,2021-05-03,2.702,92.990
LincolnRot2_N2_Irr1,N2,Irr1,Lincoln,Rotation2,Oats_Forage,2021-06-09,5.170,102.178
LincolnRot2_N2_Irr1,N2,Irr1,Lincoln,Rotation2,Oats_Forage,2021-07-05,6.243,104.164
LincolnRot2_N2_Irr1,N2,Irr1,Lincoln,Rotation2,Oats_Forage,2021-07-26,7.234,96.979
LincolnRot2_N3_Irr1,N3,Irr1,Lincoln,Rotation2,Oats_Forage,2021-04-06,0.653,39.560
LincolnRot2_N3_Irr1,N3,Irr1,Lincoln,Rotation2,Oats_Forage,2021-05-03,2.858,101.502
LincolnRot2_N3_Irr1,N3,Irr1,Lincoln,Rotation2,Oats_Forage,2021-06-09,5.049,108.349
LincolnRot2_N3_Irr1,N3,Irr1,Lincoln,Rotation2,Oats_Forage,2021-07-05,6.511,121.959
LincolnRot2_N3_Irr1,N3,Irr1,Lincoln,Rotation2,Oats_Forage,2021-07-26,6.471,95.081
LincolnRot2_N4_Irr1,N4,Irr1,Lincoln,Rotation2,Oats_Forage,2021-04-06,0.582,31.372
LincolnRot2_N4_Irr1,N4,Irr1,Lincoln,Rotation2,Oats_Forage,2021-05-03,2.480,97.937
LincolnRot2_N4_Irr1,N4,Irr1,Lincoln,Rotation2,Oats_Forage,2021-06-09,4.819,128.309
LincolnRot2_N4_Irr1,N4,Irr1,Lincoln,Rotation2,Oats_Forage,2021-07-05,5.991,140.675
LincolnRot2_N4_Irr1,N4,Irr1,Lincoln,Rotation2,Oats_Forage,2021-07-26,6.790,126.731
LincolnRot2_N1_Irr2,N1,Irr2,Lincoln,Rotation2,Oats_Forage,2021-04-06,0.682,38.328
LincolnRot2_N1_Irr2,N1,Irr2,Lincoln,Rotation2,Oats_Forage,2021-05-03,2.796,78.458
LincolnRot2_N1_Irr2,N1,Irr2,Lincoln,Rotation2,Oats_Forage,2021-06-09,4.745,93.345
LincolnRot2_N1_Irr2,N1,Irr2,Lincoln,Rotation2,Oats_Forage,2021-07-05,6.073,89.955
LincolnRot2_N1_Irr2,N1,Irr2,Lincoln,Rotation2,Oats_Forage,2021-07-26,7.296,90.134
LincolnRot2_N2_Irr2,N2,Irr2,Lincoln,Rotation2,Oats_Forage,2021-04-06,0.670,37.736
LincolnRot2_N2_Irr2,N2,Irr2,Lincoln,Rotation2,Oats_Forage,2021-05-03,2.754,88.896
LincolnRot2_N2_Irr2,N2,Irr2,Lincoln,Rotation2,Oats_Forage,2021-06-09,4.881,110.916
LincolnRot2_N2_Irr2,N2,Irr2,Lincoln,Rotation2,Oats_Forage,2021-07-05,5.714,99.132
LincolnRot2_N2_Irr2,N2,Irr2,Lincoln,Rotation2,Oats_Forage,2021-07-26,6.993,95.237
LincolnRot2_N3_Irr2,N3,Irr2,Lincoln,Rotation2,Oats_Forage,2021-04-06,0.648,39.288
LincolnRot2_N3_Irr2,N3,Irr2,Lincoln,Rotation2,Oats_Forage,2021-05-03,3.136,98.465
LincolnRot2_N3_Irr2,N3,Irr2,Lincoln,Rotation2,Oats_Forage,2021-06-09,5.201,99.409
LincolnRot2_N3_Irr2,N3,Irr2,Lincoln,Rotation2,Oats_Forage,2021-07-05,6.331,89.757
LincolnRot2_N3_Irr2,N3,Irr2,Lincoln,Rotation2,Oats_Forage,2021-07-26,6.781,94.485
LincolnRot2_N4_Irr2,N4,Irr2,Lincoln,Rotation2,Oats_Forage,2021-04-06,0.714,43.301
LincolnRot2_N4_Irr2,N4,Irr2,Lincoln,Rotation2,Oats_Forage,2021-05-03,3.113,126.438
LincolnRot2_N4_Irr2,N4,Irr2,Lincoln,Rotation2,Oats_Forage,2021-06-09,5.081,141.741
LincolnRot2_N4_Irr2,N4,Irr2,Lincoln,Rotation2,Oats_Forage,2021-07-05,6.671,147.668
LincolnRot2_N4_Irr2,N4,Irr2,Lincoln,Rotation2,Oats_Forage,2021-07-26,6.943,125.352
LincolnRot2_N1_Irr1,N1,Irr1,Lincoln,Rotation2,Potato,2021-12-13,1.963,83.028
LincolnRot2_N1_Irr1,N1,Irr1,Lincoln,Rotation2,Potato,2022-01-17,12.332,173.330
LincolnRot2_N1_Irr1,N1,Irr1,Lincoln,Rotation2,Potato,2022-02-08,15.226,201.689
LincolnRot2_N1_Irr1,N1,Irr1,Lincoln,Rotation2,Potato,2022-03-08,16.016,170.553
LincolnRot2_N2_Irr1,N2,Irr1,Lincoln,Rotation2,Potato,2021-12-13,1.592,73.386
LincolnRot2_N2_Irr1,N2,Irr1,Lincoln,Rotation2,Potato,2022-01-17,14.703,274.904
LincolnRot2_N2_Irr1,N2,Irr1,Lincoln,Rotation2,Potato,2022-02-08,16.523,248.182
LincolnRot2_N2_Irr1,N2,Irr1,Lincoln,Rotation2,Potato,2022-03-08,18.200,235.004
LincolnRot2_N3_Irr1,N3,Irr1,Lincoln,Rotation2,Potato,2021-12-13,1.702,71.820
LincolnRot2_N3_Irr1,N3,Irr1,Lincoln,Rotation2,Potato,2022-01-17,11.946,276.050
LincolnRot2_N3_Irr1,N3,Irr1,Lincoln,Rotation2,Potato,2022-02-08,18.709,335.967
LincolnRot2_N3_Irr1,N3,Irr1,Lincoln,Rotation2,Potato,2022-03-08,17.410,312.034
LincolnRot2_N4_Irr1,N4,Irr1,Lincoln,Rotation2,Potato,2021-12-13,1.793,79.246
LincolnRot2_N4_Irr1,N4,Irr1,Lincoln,Rotation2,Potato,2022-01-17,13.735,415.432
LincolnRot2_N4_Irr1,N4,Irr1,Lincoln,Rotation2,Potato,2022-02-08,18.192,419.914
LincolnRot2_N4_Irr1,N4,Irr1,Lincoln,Rotation2,Potato,2022-03-08,20.988,470.389
LincolnRot2_N1_Irr2,N1,Irr2,Lincoln,Rotation2,Potato,2021-12-13,1.876,86.838
LincolnRot2_N1_Irr2,N1,Irr2,Lincoln,Rotation2,Potato,2022-01-17,12.006,148.568
LincolnRot2_N1_Irr2,N1,Irr2,Lincoln,Rotation2,Potato,2022-02-08,13.894,144.191
LincolnRot2_N1_Irr2,N1,Irr2,Lincoln,Rotation2,Potato,2022-03-08,14.621,145.552
LincolnRot2_N2_Irr2,N2,Irr2,Lincoln,Rotation2,Potato,2021-12-13,1.690,73.761
LincolnRot2_N2_Irr2,N2,Irr2,Lincoln,Rotation2,Potato,2022-01-17,13.278,251.622
LincolnRot2_N2_Irr2,N2,Irr2,Lincoln,Rotation2,Potato,2022-02-08,16.581,235.315
LincolnRot2_N2_Irr2,N2,Irr2,Lincoln,Rotation2,Potato,2022-03-08,16.799,242.427
LincolnRot2_N3_Irr2,N3,Irr2,Lincoln,Rotation2,Potato,2021-12-13,1.785,78.874
LincolnRot2_N3_Irr2,N3,Irr2,Lincoln,Rotation2,Potato,2022-01-17,12.725,316.962
LincolnRot2_N3_Irr2,N3,Irr2,Lincoln,Rotation2,Potato,2022-02-08,18.078,358.056
LincolnRot2_N3_Irr2,N3,Irr2,Lincoln,Rotation2,Potato,2022-03-08,18.680,343.699
LincolnRot2_N4_Irr2,N4,Irr2,Lincoln,Rotation2,Potato,2021-12-13,1.839,83.140
LincolnRot2_N4_Irr2,N4,Irr2,Lincoln,Rotation2,Potato,2022-01-17,16.761,388.696
LincolnRot2_N4_Irr2,N4,Irr2,Lincoln,Rotation2,Potato,2022-02-08,20.800,515.478
LincolnRot2_N4_Irr2,N4,Irr2,Lincoln,Rotation2,Potato,2022-03-08,19.281,437.707
LincolnRot2_N1_Irr1,N1,Irr1,Lincoln,Rotation2,Ryegrass,2022-08-16,0.357,11.183
LincolnRot2_N1_Irr1,N1,Irr1,Lincoln,Rotation2,Ryegrass,2022-09-19,1.044,34.194
LincolnRot2_N1_Irr1,N1,Irr1,Lincoln,Rotation2,Ryegrass,2022-10-17,2.097,32.872
LincolnRot2_N1_Irr1,N1,Irr1,Lincoln,Rotation2,Ryegrass,2022-12-05,7.027,56.536
LincolnRot2_N1_Irr1,N1,Irr1,Lincoln,Rotation2,Ryegrass,2023-01-04,,51.019
LincolnRot2_N2_Irr1,N2,Irr1,Lincoln,Rotation2,Ryegrass,2022-08-16,0.359,11.559
LincolnRot2_N2_Irr1,N2,Irr1,Lincoln,Rotation2,Ryegrass,2022-09-19,1.464,49.977
LincolnRot2_N2_Irr1,N2,Irr1,Lincoln,Rotation2,Ryegrass,2022-10-17,4.114,80.850
LincolnRot2_N2_Irr1,N2,Irr1,Lincoln,Rotation2,Ryegrass,2022-12-05,10.378,94.578
LincolnRot2_N2_Irr1,N2,Irr1,Lincoln,Rotation2,Ryegrass,2023-01-04,,85.488
LincolnRot2_N3_Irr1,N3,Irr1,Lincoln,Rotation2,Ryegrass,2022-08-16,0.406,13.932
LincolnRot2_N3_Irr1,N3,Irr1,Lincoln,Rotation2,Ryegrass,2022-09-19,1.702,59.275
LincolnRot2_N3_Irr1,N3,Irr1,Lincoln,Rotation2,Ryegrass,2022-10-17,4.517,114.152
LincolnRot2_N3_Irr1,N3,Irr1,Lincoln,Rotation2,Ryegrass,2022-12-05,10.389,144.147
LincolnRot2_N3_Irr1,N3,Irr1,Lincoln,Rotation2,Ryegrass,2023-01-04,,117.684
LincolnRot2_N4_Irr1,N4,Irr1,Lincoln,Rotation2,Ryegrass,2022-08-16,0.457,16.264
LincolnRot2_N4_Irr1,N4,Irr1,Lincoln,Rotation2,Ryegrass,2022-09-19,1.964,67.943
LincolnRot2_N4_Irr1,N4,Irr1,Lincoln,Rotation2,Ryegrass,2022-10-17,6.128,190.342
LincolnRot2_N4_Irr1,N4,Irr1,Lincoln,Rotation2,Ryegrass,2022-12-05,9.397,181.034
LincolnRot2_N4_Irr1,N4,Irr1,Lincoln,Rotation2,Ryegrass,2023-01-04,,209.255
LincolnRot2_N1_Irr2,N1,Irr2,Lincoln,Rotation2,Ryegrass,2022-08-16,0.347,10.686
LincolnRot2_N1_Irr2,N1,Irr2,Lincoln,Rotation2,Ryegrass,2022-09-19,0.989,30.798
LincolnRot2_N1_Irr2,N1,Irr2,Lincoln,Rotation2,Ryegrass,2022-10-17,2.226,31.559
LincolnRot2_N1_Irr2,N1,Irr2,Lincoln,Rotation2,Ryegrass,2022-12-05,6.902,46.765
LincolnRot2_N1_Irr2,N1,Irr2,Lincoln,Rotation2,Ryegrass,2023-01-04,,46.180
LincolnRot2_N2_Irr2,N2,Irr2,Lincoln,Rotation2,Ryegrass,2022-08-16,0.338,9.921
LincolnRot2_N2_Irr2,N2,Irr2,Lincoln,Rotation2,Ryegrass,2022-09-19,1.226,40.061
LincolnRot2_N2_Irr2,N2,Irr2,Lincoln,Rotation2,Ryegrass,2022-10-17,3.294,59.844
LincolnRot2_N2_Irr2,N2,Irr2,Lincoln,Rotation2,Ryegrass,2022-12-05,7.301,62.477
LincolnRot2_N2_Irr2,N2,Irr2,Lincoln,Rotation2,Ryegrass,2023-01-04,,85.020
LincolnRot2_N3_Irr2,N3,Irr2,Lincoln,Rotation2,Ryegrass,2022-08-16,0.263,8.887
LincolnRot2_N3_Irr2,N3,Irr2,Lincoln,Rotation2,Ryegrass,2022-09-19,1.283,43.605
LincolnRot2_N3_Irr2,N3,Irr2,Lincoln,Rotation2,Ryegrass,2022-10-17,3.641,91.044
LincolnRot2_N3_Irr2,N3,Irr2,Lincoln,Rotation2,Ryegrass,2022-12-05,8.578,103.667
LincolnRot2_N3_Irr2,N3,Irr2,Lincoln,Rotation2,Ryegrass,2023-01-04,,118.817
LincolnRot2_N4_Irr2,N4,Irr2,Lincoln,Rotation2,Ryegrass,2022-08-16,0.435,13.076
LincolnRot2_N4_Irr2,N4,Irr2,Lincoln,Rotation2,Ryegrass,2022-09-19,2.184,71.899
LincolnRot2_N4_Irr2,N4,Irr2,Lincoln,Rotation2,Ryegrass,2022-10-17,4.250,152.895
LincolnRot2_N4_Irr2,N4,Irr2,Lincoln,Rotation2,Ryegrass,2022-12-05,8.984,183.532
LincolnRot2_N4_Irr2,N4,Irr2,Lincoln,Rotation2,Ryegrass,2023-01-04,,177.571
HawkesBayRot3_N1_Irr1,N1,irr1,HawkesBay,Rotation3,Onions,2021-11-17,0.096,4.067
HawkesBayRot3_N1_Irr1,N1,irr1,HawkesBay,Rotation3,Onions,2021-12-13,0.967,27.669
HawkesBayRot3_N1_Irr1,N1,irr1,HawkesBay,Rotation3,Onions,2022-02-04,6.138,131.976
HawkesBayRot3_N2_Irr1,N2,irr1,HawkesBay,Rotation3,Onions,2021-11-17,0.090,3.856
HawkesBayRot3_N2_Irr1,N2,irr1,HawkesBay,Rotation3,Onions,2021-12-13,1.061,29.553
HawkesBayRot3_N2_Irr1,N2,irr1,HawkesBay,Rotation3,Onions,2022-02-04,5.965,121.163
HawkesBayRot3_N3_Irr1,N3,irr1,HawkesBay,Rotation3,Onions,2021-11-17,0.090,3.972
HawkesBayRot3_N3_Irr1,N3,irr1,HawkesBay,Rotation3,Onions,2021-12-13,0.965,29.105
HawkesBayRot3_N3_Irr1,N3,irr1,HawkesBay,Rotation3,Onions,2022-02-04,5.816,117.112
HawkesBayRot3_N4_Irr1,N4,irr1,HawkesBay,Rotation3,Onions,2021-11-17,0.084,3.704
HawkesBayRot3_N4_Irr1,N4,irr1,HawkesBay,Rotation3,Onions,2021-12-13,1.059,32.825
HawkesBayRot3_N4_Irr1,N4,irr1,HawkesBay,Rotation3,Onions,2022-02-04,4.696,113.316
HawkesBayRot3_N1_Irr2,N1,irr2,HawkesBay,Rotation3,Onions,2021-11-17,0.080,3.386
HawkesBayRot3_N1_Irr2,N1,irr2,HawkesBay,Rotation3,Onions,2021-12-13,0.796,23.023
HawkesBayRot3_N1_Irr2,N1,irr2,HawkesBay,Rotation3,Onions,2022-02-04,4.727,94.144
HawkesBayRot3_N2_Irr2,N2,irr2,HawkesBay,Rotation3,Onions,2021-11-17,0.086,3.533
HawkesBayRot3_N2_Irr2,N2,irr2,HawkesBay,Rotation3,Onions,2021-12-13,0.849,23.656
HawkesBayRot3_N2_Irr2,N2,irr2,HawkesBay,Rotation3,Onions,2022-02-04,5.215,93.491
HawkesBayRot3_N3_Irr2,N3,irr2,HawkesBay,Rotation3,Onions,2021-11-17,0.094,3.879
HawkesBayRot3_N3_Irr2,N3,irr2,HawkesBay,Rotation3,Onions,2021-12-13,0.944,27.859
HawkesBayRot3_N3_Irr2,N3,irr2,HawkesBay,Rotation3,Onions,2022-02-04,5.733,78.631
HawkesBayRot3_N4_Irr2,N4,irr2,HawkesBay,Rotation3,Onions,2021-11-17,0.086,3.620
HawkesBayRot3_N4_Irr2,N4,irr2,HawkesBay,Rotation3,Onions,2021-12-13,0.973,27.789
HawkesBayRot3_N4_Irr2,N4,irr2,HawkesBay,Rotation3,Onions,2022-02-04,4.824,118.488
HawkesBayRot3_N1_Irr1,N1,irr1,HawkesBay,Rotation3,Ryegrass,2022-08-17,1.250,47.228
HawkesBayRot3_N1_Irr1,N1,irr1,HawkesBay,Rotation3,Ryegrass,2022-09-05,2.883,85.180
HawkesBayRot3_N1_Irr1,N1,irr1,HawkesBay,Rotation3,Ryegrass,2022-10-27,4.362,50.407
HawkesBayRot3_N1_Irr1,N1,irr1,HawkesBay,Rotation3,Ryegrass,2022-11-29,4.229,76.198
HawkesBayRot3_N2_Irr1,N2,irr1,HawkesBay,Rotation3,Ryegrass,2022-08-17,1.329,47.165
HawkesBayRot3_N2_Irr1,N2,irr1,HawkesBay,Rotation3,Ryegrass,2022-09-05,2.670,77.405
HawkesBayRot3_N2_Irr1,N2,irr1,HawkesBay,Rotation3,Ryegrass,2022-10-27,3.238,38.918
HawkesBayRot3_N2_Irr1,N2,irr1,HawkesBay,Rotation3,Ryegrass,2022-11-29,5.066,88.506
HawkesBayRot3_N3_Irr1,N3,irr1,HawkesBay,Rotation3,Ryegrass,2022-08-17,1.820,66.516
HawkesBayRot3_N3_Irr1,N3,irr1,HawkesBay,Rotation3,Ryegrass,2022-09-05,2.895,80.845
HawkesBayRot3_N3_Irr1,N3,irr1,HawkesBay,Rotation3,Ryegrass,2022-10-27,3.656,44.420
HawkesBayRot3_N3_Irr1,N3,irr1,HawkesBay,Rotation3,Ryegrass,2022-11-29,3.775,71.715
HawkesBayRot3_N4_Irr1,N4,irr1,HawkesBay,Rotation3,Ryegrass,2022-08-17,1.688,63.194
HawkesBayRot3_N4_Irr1,N4,irr1,HawkesBay,Rotation3,Ryegrass,2022-09-05,3.029,91.222
HawkesBayRot3_N4_Irr1,N4,irr1,HawkesBay,Rotation3,Ryegrass,2022-10-27,4.154,49.950
HawkesBayRot3_N4_Irr1,N4,irr1,HawkesBay,Rotation3,Ryegrass,2022-11-29,4.758,97.387
HawkesBayRot3_N1_Irr2,N1,irr2,HawkesBay,Rotation3,Ryegrass,2022-08-17,1.105,42.343
HawkesBayRot3_N1_Irr2,N1,irr2,HawkesBay,Rotation3,Ryegrass,2022-09-05,3.030,104.018
HawkesBayRot3_N1_Irr2,N1,irr2,HawkesBay,Rotation3,Ryegrass,2022-10-27,4.054,44.992
HawkesBayRot3_N1_Irr2,N1,irr2,HawkesBay,Rotation3,Ryegrass,2022-11-29,2.799,44.907
HawkesBayRot3_N2_Irr2,N2,irr2,HawkesBay,Rotation3,Ryegrass,2022-08-17,1.451,59.942
HawkesBayRot3_N2_Irr2,N2,irr2,HawkesBay,Rotation3,Ryegrass,2022-09-05,2.805,91.686
HawkesBayRot3_N2_Irr2,N2,irr2,HawkesBay,Rotation3,Ryegrass,2022-10-27,3.132,45.794
HawkesBayRot3_N2_Irr2,N2,irr2,HawkesBay,Rotation3,Ryegrass,2022-11-29,3.981,71.145
HawkesBayRot3_N3_Irr2,N3,irr2,HawkesBay,Rotation3,Ryegrass,2022-08-17,1.383,52.062
HawkesBayRot3_N3_Irr2,N3,irr2,HawkesBay,Rotation3,Ryegrass,2022-09-05,2.762,88.034
HawkesBayRot3_N3_Irr2,N3,irr2,HawkesBay,Rotation3,Ryegrass,2022-10-27,3.578,46.096
HawkesBayRot3_N3_Irr2,N3,irr2,HawkesBay,Rotation3,Ryegrass,2022-11-29,4.161,65.266
HawkesBayRot3_N4_Irr2,N4,irr2,HawkesBay,Rotation3,Ryegrass,2022-08-17,1.659,69.956
HawkesBayRot3_N4_Irr2,N4,irr2,HawkesBay,Rotation3,Ryegrass,2022-09-05,2.755,89.642
HawkesBayRot3_N4_Irr2,N4,irr2,HawkesBay,Rotation3,Ryegrass,2022-10-27,4.199,54.309
HawkesBayRot3_N4_Irr2,N4,irr2,HawkesBay,Rotation3,Ryegrass,2022-11-29,4.215,77.022
HawkesBayRot4_N1_Irr1,N1,Irr1,HawkesBay,Rotation4,Pak choi,2021-05-18,0.013,0.842
HawkesBayRot4_N1_Irr1,N1,Irr1,HawkesBay,Rotation4,Pak choi,2021-06-15,0.849,51.957
HawkesBayRot4_N1_Irr1,N1,Irr1,HawkesBay,Rotation4,Pak choi,2021-07-08,2.965,130.216
HawkesBayRot4_N2_Irr1,N2,Irr1,HawkesBay,Rotation4,Pak choi,2021-05-18,0.017,1.100
HawkesBayRot4_N2_Irr1,N2,Irr1,HawkesBay,Rotation4,Pak choi,2021-06-15,0.692,42.291
HawkesBayRot4_N2_Irr1,N2,Irr1,HawkesBay,Rotation4,Pak choi,2021-07-08,3.014,129.816
HawkesBayRot4_N3_Irr1,N3,Irr1,HawkesBay,Rotation4,Pak choi,2021-05-18,0.017,1.094
HawkesBayRot4_N3_Irr1,N3,Irr1,HawkesBay,Rotation4,Pak choi,2021-06-15,0.581,35.607
HawkesBayRot4_N3_Irr1,N3,Irr1,HawkesBay,Rotation4,Pak choi,2021-07-08,3.073,136.435
HawkesBayRot4_N4_Irr1,N4,Irr1,HawkesBay,Rotation4,Pak choi,2021-05-18,0.014,0.951
HawkesBayRot4_N4_Irr1,N4,Irr1,HawkesBay,Rotation4,Pak choi,2021-06-15,0.721,44.761
HawkesBayRot4_N4_Irr1,N4,Irr1,HawkesBay,Rotation4,Pak choi,2021-07-08,3.166,144.733
HawkesBayRot4_N1_Irr2,N1,Irr2,HawkesBay,Rotation4,Pak choi,2021-05-18,0.013,0.854
HawkesBayRot4_N1_Irr2,N1,Irr2,HawkesBay,Rotation4,Pak choi,2021-06-15,0.714,43.522
HawkesBayRot4_N1_Irr2,N1,Irr2,HawkesBay,Rotation4,Pak choi,2021-07-08,2.972,126.656
HawkesBayRot4_N2_Irr2,N2,Irr2,HawkesBay,Rotation4,Pak choi,2021-05-18,0.015,0.970
HawkesBayRot4_N2_Irr2,N2,Irr2,HawkesBay,Rotation4,Pak choi,2021-06-15,0.761,45.050
HawkesBayRot4_N2_Irr2,N2,Irr2,HawkesBay,Rotation4,Pak choi,2021-07-08,2.646,118.383
HawkesBayRot4_N3_Irr2,N3,Irr2,HawkesBay,Rotation4,Pak choi,2021-05-18,0.016,1.017
HawkesBayRot4_N3_Irr2,N3,Irr2,HawkesBay,Rotation4,Pak choi,2021-06-15,0.658,41.141
HawkesBayRot4_N3_Irr2,N3,Irr2,HawkesBay,Rotation4,Pak choi,2021-07-08,2.842,126.354
HawkesBayRot4_N4_Irr2,N4,Irr2,HawkesBay,Rotation4,Pak choi,2021-05-18,0.017,1.132
HawkesBayRot4_N4_Irr2,N4,Irr2,HawkesBay,Rotation4,Pak choi,2021-06-15,0.734,45.447
HawkesBayRot4_N4_Irr2,N4,Irr2,HawkesBay,Rotation4,Pak choi,2021-07-08,2.746,123.535
HawkesBayRot4_N1_Irr1,N1,Irr1,HawkesBay,Rotation4,Lettuce,2021-10-14,0.162,7.947
HawkesBayRot4_N1_Irr1,N1,Irr1,HawkesBay,Rotation4,Lettuce,2021-11-08,1.530,64.077
HawkesBayRot4_N1_Irr1,N1,Irr1,HawkesBay,Rotation4,Lettuce,2021-11-19,2.634,89.137
HawkesBayRot4_N2_Irr1,N2,Irr1,HawkesBay,Rotation4,Lettuce,2021-10-14,0.136,6.877
HawkesBayRot4_N2_Irr1,N2,Irr1,HawkesBay,Rotation4,Lettuce,2021-11-08,1.741,74.836
HawkesBayRot4_N2_Irr1,N2,Irr1,HawkesBay,Rotation4,Lettuce,2021-11-19,2.596,92.384
HawkesBayRot4_N3_Irr1,N3,Irr1,HawkesBay,Rotation4,Lettuce,2021-10-14,0.135,6.684
HawkesBayRot4_N3_Irr1,N3,Irr1,HawkesBay,Rotation4,Lettuce,2021-11-08,1.523,63.784
HawkesBayRot4_N3_Irr1,N3,Irr1,HawkesBay,Rotation4,Lettuce,2021-11-19,2.056,73.378
HawkesBayRot4_N4_Irr1,N4,Irr1,HawkesBay,Rotation4,Lettuce,2021-10-14,0.127,6.261
HawkesBayRot4_N4_Irr1,N4,Irr1,HawkesBay,Rotation4,Lettuce,2021-11-08,1.187,52.712
HawkesBayRot4_N4_Irr1,N4,Irr1,HawkesBay,Rotation4,Lettuce,2021-11-19,2.496,90.226
HawkesBayRot4_N1_Irr2,N1,Irr2,HawkesBay,Rotation4,Lettuce,2021-10-14,0.153,7.658
HawkesBayRot4_N1_Irr2,N1,Irr2,HawkesBay,Rotation4,Lettuce,2021-11-08,1.699,69.953
HawkesBayRot4_N1_Irr2,N1,Irr2,HawkesBay,Rotation4,Lettuce,2021-11-19,2.368,77.380
HawkesBayRot4_N2_Irr2,N2,Irr2,HawkesBay,Rotation4,Lettuce,2021-10-14,0.085,4.275
HawkesBayRot4_N2_Irr2,N2,Irr2,HawkesBay,Rotation4,Lettuce,2021-11-08,1.199,53.370
HawkesBayRot4_N2_Irr2,N2,Irr2,HawkesBay,Rotation4,Lettuce,2021-11-19,2.264,77.379
HawkesBayRot4_N3_Irr2,N3,Irr2,HawkesBay,Rotation4,Lettuce,2021-10-14,0.102,5.016
HawkesBayRot4_N3_Irr2,N3,Irr2,HawkesBay,Rotation4,Lettuce,2021-11-08,1.119,47.883
HawkesBayRot4_N3_Irr2,N3,Irr2,HawkesBay,Rotation4,Lettuce,2021-11-19,2.110,77.020
HawkesBayRot4_N4_Irr2,N4,Irr2,HawkesBay,Rotation4,Lettuce,2021-10-14,0.128,6.415
HawkesBayRot4_N4_Irr2,N4,Irr2,HawkesBay,Rotation4,Lettuce,2021-11-08,1.781,78.056
HawkesBayRot4_N4_Irr2,N4,Irr2,HawkesBay,Rotation4,Lettuce,2021-11-19,2.430,92.226
HawkesBayRot4_N1_Irr1,N1,Irr1,HawkesBay,Rotation4,Peas,2022-01-24,0.505,25.609
HawkesBayRot4_N1_Irr1,N1,Irr1,HawkesBay,Rotation4,Peas,2022-02-21,4.032,133.754
HawkesBayRot4_N2_Irr1,N2,Irr1,HawkesBay,Rotation4,Peas,2022-01-24,0.494,25.219
HawkesBayRot4_N2_Irr1,N2,Irr1,HawkesBay,Rotation4,Peas,2022-02-21,4.104,127.625
HawkesBayRot4_N3_Irr1,N3,Irr1,HawkesBay,Rotation4,Peas,2022-01-24,0.349,18.524
HawkesBayRot4_N3_Irr1,N3,Irr1,HawkesBay,Rotation4,Peas,2022-02-21,3.365,111.546
HawkesBayRot4_N4_Irr1,N4,Irr1,HawkesBay,Rotation4,Peas,2022-01-24,0.501,24.630
HawkesBayRot4_N4_Irr1,N4,Irr1,HawkesBay,Rotation4,Peas,2022-02-21,3.638,114.471
HawkesBayRot4_N1_Irr2,N1,Irr2,HawkesBay,Rotation4,Peas,2022-01-24,0.692,30.338
HawkesBayRot4_N1_Irr2,N1,Irr2,HawkesBay,Rotation4,Peas,2022-02-21,4.427,144.731
HawkesBayRot4_N2_Irr2,N2,Irr2,HawkesBay,Rotation4,Peas,2022-01-24,0.451,22.732
HawkesBayRot4_N2_Irr2,N2,Irr2,HawkesBay,Rotation4,Peas,2022-02-21,3.442,115.600
HawkesBayRot4_N3_Irr2,N3,Irr2,HawkesBay,Rotation4,Peas,2022-01-24,0.531,25.802
HawkesBayRot4_N3_Irr2,N3,Irr2,HawkesBay,Rotation4,Peas,2022-02-21,3.340,112.040
HawkesBayRot4_N4_Irr2,N4,Irr2,HawkesBay,Rotation4,Peas,2022-01-24,0.569,28.882
HawkesBayRot4_N4_Irr2,N4,Irr2,HawkesBay,Rotation4,Peas,2022-02-21,3.938,126.411
HawkesBayRot4_N1_Irr1,N1,Irr1,HawkesBay,Rotation4,Cauliflower,2022-10-15,,95.351
HawkesBayRot4_N2_Irr1,N2,Irr1,HawkesBay,Rotation4,Cauliflower,2022-10-15,,108.135
HawkesBayRot4_N3_Irr1,N3,Irr1,HawkesBay,Rotation4,Cauliflower,2022-10-15,,117.467
HawkesBayRot4_N4_Irr1,N4,Irr1,HawkesBay,Rotation4,Cauliflower,2022-10-15,,111.732
HawkesBayRot4_N1_Irr2,N1,Irr2,HawkesBay,Rotation4,Cauliflower,2022-10-15,,64.874
HawkesBayRot4_N2_Irr2,N2,Irr2,HawkesBay,Rotation4,Cauliflower,2022-10-15,,88.531
HawkesBayRot4_N3_Irr2,N3,Irr2,HawkesBay,Rotation4,Cauliflower,2022-10-15,,90.716
HawkesBayRot4_N4_Irr2,N4,Irr2,HawkesBay,Rotation4,Cauliflower,2022-10-15,,72.424
,,,,,,,,
,,,,,,,,
,,,,,,,,
,,,,,,,,
